﻿Designator,Footprint,Quantity,Value,LCSC Part #
C1,CA45-B-16V-33uF-K,1,33uF,
C2,0805,1,0.1uF,
"ENC_CONN1, ENC_CONN2, ENC_CONN3, ENC_CONN4",ZH1.5-6,4,Conn_01x06_Male,
IMU1,JST_SH_BM04B-SRSS-TB_1x04-1MP_P1.00mm_Vertical,1,BNO085,
J1,PinSocket_1x05_P2.54mm_Vertical,1,Conn_01x05_Female,
J6,AMASS_XT30U-M_1x02_P5.0mm_Vertical,1,XT30 Male Connector,
"MC1, MC2, MC3, MC4",DRV8876,4,DRV8876,
NMOS1,SOT-23,1,Q_NMOS_DGS,
ProS3,ProS3_TH (1),1,ProS3,
"R1, R2",0805,2,4.7k,
R3,0805,1,0 Ohms,
R4,0805,1,1K Ohms,
R5,0805,1,100K Ohms,
Relay1,J107,1,J107F1CS1224VDC.36,
TOF_STEMMA_QT1,JST_SH_BM04B-SRSS-TB_1x04-1MP_P1.00mm_Vertical,1,Conn_01x04_Female,
"TP+, TP-",PinHeader_1x01_P2.54mm_Vertical,2,TestPoint,
VoltDiv1,S7V8F3,1,~,
VoltSup1,DBV5_TEX,1,TPS3847085DBVR,
